Metric,Value
rmse,7.584400203527986
mae,4.381927229704588
r2,0.9546640501219104
mape,40.14841289560132
smape,58.43672693434316
wape,12.947626706475528
rmsle,0.4217368043636411
