Metric,Value
rmse,7.303022236892011
mae,4.216811887924715
r2,0.9579655389797678
mape,37.7226827300569
smape,58.39991695889495
wape,12.459747356406533
rmsle,0.4085622263042536
