Metric,Value
MAE,5.652702683655275
RMSE,7.344521077855952
RMSLE,0.16640102502212745
MAPE (%),13.582377773665971
R²,0.9329272016754299
