Metric,Value
rmse,9.73237044843883
mae,6.09411506459038
r2,0.9253486785597721
mape,36.84522928551704
smape,62.98906725966421
wape,18.006763423121626
rmsle,0.41823446470874753
