Metric,Value
MAE,5.6195289083473305
RMSE,7.305815950954641
RMSLE,0.16532990209457446
MAPE (%),13.492262411481152
R²,0.9336322770943356
