Metric,Value
rmse,7.786860252967594
mae,4.422648633368722
r2,0.9522113239959689
mape,35.29759323622937
smape,58.79003302664769
wape,13.067949456253933
rmsle,0.40290367024234436
