Metric,Value
rmse,7.013140938083999
mae,4.088526558922974
r2,0.961236286911153
mape,35.8104071020997
smape,58.247757339310944
wape,12.080692555913204
rmsle,0.40472813401229546
