Metric,Value
rmse,7.057476425735163
mae,4.117365445690501
r2,0.960744626907819
mape,36.01329183417217
smape,58.371136226003195
wape,12.165905093895365
rmsle,0.40569806184270835
